name,link,location,type,description,
SoMa,www.youtube.com,Paris,Cars,a very coole group
Aaron,www.twitter.com,New York,Trees,lakjfalsdkjf
Dogs,www.facebook.com,Paris,Cars,gogo
Quantum Coders,www.quantumcoders.com,New York,Plants,Exploring the frontier of quantum computing.
StarGazers Club,www.stargazersclub.org,New York,Space,Connecting people with a passion for the cosmos.
Eco Warriors,www.ecowarriors.org,Paris,Cars,Working towards a sustainable future.
Byte Busters,www.bytebusters.net,Tokyo,Cars,Defending the digital realm from cyber threats.
Artistry Collective,www.artistrycollective.com,Shanghai,Animals,Fostering artistic expression in all forms.
Adventure Seekers,www.adventureseekers.org,Tokyo,Plants,Uniting those who crave adrenaline-fueled experiences.
Mind Mingle,www.mindmingle.io,Tokyo,Plants,Sharing insights for personal and professional growth.
Culinary Explorers,www.culinaryexplorers.net,Beijing,Animals,Discovering and savoring global culinary delights.
Robo Innovators,www.roboinnovators.com,Tokyo,Animals,Pushing the boundaries of robotics and automation.
Harmony Harmony,www.harmonyharmony.org,Tokyo,Animals,Building bridges and fostering understanding among diverse communities.
